master,master,254372869,c9c5526,77,https://github.com/Frederick-S/html2pdf/archive/refs/heads/master.zip
dependabot/npm_and_yarn/types/node-16.7.0,master,254372869,e399ca1,78,https://github.com/Frederick-S/html2pdf/archive/refs/heads/dependabot/npm_and_yarn/types/node-16.7.0.zip
dependabot/npm_and_yarn/path-parse-1.0.7,master,254372869,7d43432,78,https://github.com/Frederick-S/html2pdf/archive/refs/heads/dependabot/npm_and_yarn/path-parse-1.0.7.zip
dependabot/npm_and_yarn/nestjs/schematics-8.0.2,master,254372869,ee9ca47,78,https://github.com/Frederick-S/html2pdf/archive/refs/heads/dependabot/npm_and_yarn/nestjs/schematics-8.0.2.zip
dependabot/npm_and_yarn/nestjs/platform-express-7.6.18,master,254372869,645a956,78,https://github.com/Frederick-S/html2pdf/archive/refs/heads/dependabot/npm_and_yarn/nestjs/platform-express-7.6.18.zip
dependabot/npm_and_yarn/nestjs/testing-7.6.18,master,254372869,9cd43ae,78,https://github.com/Frederick-S/html2pdf/archive/refs/heads/dependabot/npm_and_yarn/nestjs/testing-7.6.18.zip
dependabot/npm_and_yarn/types/puppeteer-5.4.3,master,254372869,405c969,74,https://github.com/Frederick-S/html2pdf/archive/refs/heads/dependabot/npm_and_yarn/types/puppeteer-5.4.3.zip
dependabot/npm_and_yarn/ts-jest-25.5.1,master,254372869,86363ca,74,https://github.com/Frederick-S/html2pdf/archive/refs/heads/dependabot/npm_and_yarn/ts-jest-25.5.1.zip
dependabot/npm_and_yarn/ts-loader-8.0.10,master,254372869,d031633,74,https://github.com/Frederick-S/html2pdf/archive/refs/heads/dependabot/npm_and_yarn/ts-loader-8.0.10.zip
dependabot/npm_and_yarn/supertest-6.1.3,master,254372869,2d0d94c,74,https://github.com/Frederick-S/html2pdf/archive/refs/heads/dependabot/npm_and_yarn/supertest-6.1.3.zip
dependabot/npm_and_yarn/ts-node-9.1.1,master,254372869,c13dd17,74,https://github.com/Frederick-S/html2pdf/archive/refs/heads/dependabot/npm_and_yarn/ts-node-9.1.1.zip
master,master,268228900,07ade0a,95,https://github.com/Frederick-S/nhk-easy-api/archive/refs/heads/master.zip
dependabot/add-v2-config-file,master,268228900,4257e50,83,https://github.com/Frederick-S/nhk-easy-api/archive/refs/heads/dependabot/add-v2-config-file.zip
master,master,252945497,0f216cb,62,https://github.com/Frederick-S/jma-api/archive/refs/heads/master.zip
dependabot/add-v2-config-file,master,252945497,a3184e7,59,https://github.com/Frederick-S/jma-api/archive/refs/heads/dependabot/add-v2-config-file.zip
main,main,380457353,8e4dd12,15,https://github.com/Frederick-S/awesome-free-books/archive/refs/heads/main.zip
master,master,110396888,29f7a1e,675,https://github.com/Frederick-S/markote/archive/refs/heads/master.zip
dependabot/npm_and_yarn/marked-3.0.0,master,110396888,3a58a88,676,https://github.com/Frederick-S/markote/archive/refs/heads/dependabot/npm_and_yarn/marked-3.0.0.zip
dependabot/npm_and_yarn/webpack-cli-4.8.0,master,110396888,8e47b56,676,https://github.com/Frederick-S/markote/archive/refs/heads/dependabot/npm_and_yarn/webpack-cli-4.8.0.zip
dependabot/npm_and_yarn/path-parse-1.0.7,master,110396888,6eee122,676,https://github.com/Frederick-S/markote/archive/refs/heads/dependabot/npm_and_yarn/path-parse-1.0.7.zip
dependabot/pip/requests-2.26.0,master,110396888,11d88bb,676,https://github.com/Frederick-S/markote/archive/refs/heads/dependabot/pip/requests-2.26.0.zip
dependabot/npm_and_yarn/types/ace-0.0.47,master,110396888,cb91b67,676,https://github.com/Frederick-S/markote/archive/refs/heads/dependabot/npm_and_yarn/types/ace-0.0.47.zip
v0.1,master,110396888,4732943,386,https://github.com/Frederick-S/markote/archive/refs/heads/v0.1.zip
dependabot/pip/authlib-0.15.2,master,110396888,61a2a0c,667,https://github.com/Frederick-S/markote/archive/refs/heads/dependabot/pip/authlib-0.15.2.zip
dependabot/npm_and_yarn/copy-webpack-plugin-6.4.1,master,110396888,3d325aa,670,https://github.com/Frederick-S/markote/archive/refs/heads/dependabot/npm_and_yarn/copy-webpack-plugin-6.4.1.zip
dependabot/npm_and_yarn/vue-loader-15.9.6,master,110396888,e020c5a,670,https://github.com/Frederick-S/markote/archive/refs/heads/dependabot/npm_and_yarn/vue-loader-15.9.6.zip
dependabot/npm_and_yarn/axios-0.21.1,master,110396888,4a292d7,670,https://github.com/Frederick-S/markote/archive/refs/heads/dependabot/npm_and_yarn/axios-0.21.1.zip
main,main,364578771,5235d41,46,https://github.com/Frederick-S/yuque-to-markdown/archive/refs/heads/main.zip
master,master,106218638,c178a76,122,https://github.com/Frederick-S/NinetyNineProblems/archive/refs/heads/master.zip
dependabot/add-v2-config-file,master,106218638,d9e83a9,113,https://github.com/Frederick-S/NinetyNineProblems/archive/refs/heads/dependabot/add-v2-config-file.zip
master,master,127387436,181be28,190,https://github.com/Frederick-S/30-seconds-of-csharp/archive/refs/heads/master.zip
dependabot/nuget/Microsoft.NET.Test.Sdk-16.9.1,master,127387436,4c77637,181,https://github.com/Frederick-S/30-seconds-of-csharp/archive/refs/heads/dependabot/nuget/Microsoft.NET.Test.Sdk-16.9.1.zip
dependabot/add-v2-config-file,master,127387436,3c7a4bb,185,https://github.com/Frederick-S/30-seconds-of-csharp/archive/refs/heads/dependabot/add-v2-config-file.zip
master,master,255032743,127c5ed,68,https://github.com/Frederick-S/Strings/archive/refs/heads/master.zip
dependabot/add-v2-config-file,master,255032743,998fc69,61,https://github.com/Frederick-S/Strings/archive/refs/heads/dependabot/add-v2-config-file.zip
master,master,160038588,f353cd2,32,https://github.com/Frederick-S/frederick-s.github.io/archive/refs/heads/master.zip
blog,master,160038588,c4696ee,151,https://github.com/Frederick-S/frederick-s.github.io/archive/refs/heads/blog.zip
dependabot/npm_and_yarn/blog/hexo-5.4.0,master,160038588,e744b2c,124,https://github.com/Frederick-S/frederick-s.github.io/archive/refs/heads/dependabot/npm_and_yarn/blog/hexo-5.4.0.zip
dependabot/add-v2-config-file,master,160038588,5e9b06e,22,https://github.com/Frederick-S/frederick-s.github.io/archive/refs/heads/dependabot/add-v2-config-file.zip
main,main,339349282,74e014d,11,https://github.com/Frederick-S/html2pdf-web/archive/refs/heads/main.zip
master,master,141825063,0c1fa36,118,https://github.com/Frederick-S/Yosoro/archive/refs/heads/master.zip
dependabot/npm_and_yarn/path-parse-1.0.7,master,141825063,ed3513b,119,https://github.com/Frederick-S/Yosoro/archive/refs/heads/dependabot/npm_and_yarn/path-parse-1.0.7.zip
dependabot/npm_and_yarn/tar-2.2.2,master,141825063,07816b9,119,https://github.com/Frederick-S/Yosoro/archive/refs/heads/dependabot/npm_and_yarn/tar-2.2.2.zip
dependabot/npm_and_yarn/dns-packet-1.3.4,master,141825063,cc92fb2,119,https://github.com/Frederick-S/Yosoro/archive/refs/heads/dependabot/npm_and_yarn/dns-packet-1.3.4.zip
releases/v1.0.0,master,141825063,57b75b4,9,https://github.com/Frederick-S/Yosoro/archive/refs/heads/releases/v1.0.0.zip
releases/v1.0.1,master,141825063,ce58e00,17,https://github.com/Frederick-S/Yosoro/archive/refs/heads/releases/v1.0.1.zip
releases/v1.0.2,master,141825063,4d1ee48,23,https://github.com/Frederick-S/Yosoro/archive/refs/heads/releases/v1.0.2.zip
releases/v1.0.3,master,141825063,af5be10,40,https://github.com/Frederick-S/Yosoro/archive/refs/heads/releases/v1.0.3.zip
releases/v1.0.4,master,141825063,a4730d7,59,https://github.com/Frederick-S/Yosoro/archive/refs/heads/releases/v1.0.4.zip
master,master,169346696,569659e,"1,307",https://github.com/Frederick-S/RSSHub/archive/refs/heads/master.zip
dependabot/npm_and_yarn/path-parse-1.0.7,master,169346696,95ac5a4,"1,308",https://github.com/Frederick-S/RSSHub/archive/refs/heads/dependabot/npm_and_yarn/path-parse-1.0.7.zip
dependabot/npm_and_yarn/tar-4.4.15,master,169346696,1a2331c,"1,308",https://github.com/Frederick-S/RSSHub/archive/refs/heads/dependabot/npm_and_yarn/tar-4.4.15.zip
dependabot/npm_and_yarn/urijs-1.19.7,master,169346696,d7a2295,"1,308",https://github.com/Frederick-S/RSSHub/archive/refs/heads/dependabot/npm_and_yarn/urijs-1.19.7.zip
dependabot/npm_and_yarn/prismjs-1.24.0,master,169346696,e186487,"1,308",https://github.com/Frederick-S/RSSHub/archive/refs/heads/dependabot/npm_and_yarn/prismjs-1.24.0.zip
gh-pages,master,169346696,7237326,4,https://github.com/Frederick-S/RSSHub/archive/refs/heads/gh-pages.zip
feature/proxy,master,169346696,9cd9383,995,https://github.com/Frederick-S/RSSHub/archive/refs/heads/feature/proxy.zip
renovate/eslint-5.x,master,169346696,e99447b,"1,308",https://github.com/Frederick-S/RSSHub/archive/refs/heads/renovate/eslint-5.x.zip
renovate/lint-staged-8.x,master,169346696,51434e8,"1,308",https://github.com/Frederick-S/RSSHub/archive/refs/heads/renovate/lint-staged-8.x.zip
renovate/prettier-1.x,master,169346696,0af82d3,"1,308",https://github.com/Frederick-S/RSSHub/archive/refs/heads/renovate/prettier-1.x.zip
master,master,252974852,18282cb,35,https://github.com/Frederick-S/jma-web/archive/refs/heads/master.zip
dependabot/npm_and_yarn/path-parse-1.0.7,master,252974852,fab7863,36,https://github.com/Frederick-S/jma-web/archive/refs/heads/dependabot/npm_and_yarn/path-parse-1.0.7.zip
dependabot/npm_and_yarn/core-js-3.16.0,master,252974852,6b54aa2,36,https://github.com/Frederick-S/jma-web/archive/refs/heads/dependabot/npm_and_yarn/core-js-3.16.0.zip
dependabot/npm_and_yarn/url-parse-1.5.3,master,252974852,58aef3a,36,https://github.com/Frederick-S/jma-web/archive/refs/heads/dependabot/npm_and_yarn/url-parse-1.5.3.zip
dependabot/npm_and_yarn/lint-staged-11.1.1,master,252974852,083e91c,36,https://github.com/Frederick-S/jma-web/archive/refs/heads/dependabot/npm_and_yarn/lint-staged-11.1.1.zip
dependabot/npm_and_yarn/color-string-1.6.0,master,252974852,ee3800c,36,https://github.com/Frederick-S/jma-web/archive/refs/heads/dependabot/npm_and_yarn/color-string-1.6.0.zip
dependabot/npm_and_yarn/http-proxy-1.18.1,master,252974852,9d99577,28,https://github.com/Frederick-S/jma-web/archive/refs/heads/dependabot/npm_and_yarn/http-proxy-1.18.1.zip
dependabot/npm_and_yarn/highlight.js-9.18.5,master,252974852,c4dd4c7,34,https://github.com/Frederick-S/jma-web/archive/refs/heads/dependabot/npm_and_yarn/highlight.js-9.18.5.zip
dependabot/npm_and_yarn/ini-1.3.8,master,252974852,da4cb59,34,https://github.com/Frederick-S/jma-web/archive/refs/heads/dependabot/npm_and_yarn/ini-1.3.8.zip
dependabot/npm_and_yarn/axios-0.21.1,master,252974852,342e197,34,https://github.com/Frederick-S/jma-web/archive/refs/heads/dependabot/npm_and_yarn/axios-0.21.1.zip
dependabot/npm_and_yarn/elliptic-6.5.4,master,252974852,5de535c,34,https://github.com/Frederick-S/jma-web/archive/refs/heads/dependabot/npm_and_yarn/elliptic-6.5.4.zip
master,master,249864751,a7f438c,39,https://github.com/Frederick-S/sp-hacker-news/archive/refs/heads/master.zip
dependabot/npm_and_yarn/path-parse-1.0.7,master,249864751,9785f48,40,https://github.com/Frederick-S/sp-hacker-news/archive/refs/heads/dependabot/npm_and_yarn/path-parse-1.0.7.zip
dependabot/npm_and_yarn/types/react-dom-17.0.9,master,249864751,90604d6,40,https://github.com/Frederick-S/sp-hacker-news/archive/refs/heads/dependabot/npm_and_yarn/types/react-dom-17.0.9.zip
dependabot/npm_and_yarn/types/webpack-env-1.16.2,master,249864751,5ba1c60,40,https://github.com/Frederick-S/sp-hacker-news/archive/refs/heads/dependabot/npm_and_yarn/types/webpack-env-1.16.2.zip
dependabot/npm_and_yarn/browserslist-4.16.6,master,249864751,ebaacf7,40,https://github.com/Frederick-S/sp-hacker-news/archive/refs/heads/dependabot/npm_and_yarn/browserslist-4.16.6.zip
dependabot/npm_and_yarn/websocket-extensions-0.1.4,master,249864751,69fe88c,33,https://github.com/Frederick-S/sp-hacker-news/archive/refs/heads/dependabot/npm_and_yarn/websocket-extensions-0.1.4.zip
dependabot/npm_and_yarn/types/mocha-8.2.2,master,249864751,b59c588,36,https://github.com/Frederick-S/sp-hacker-news/archive/refs/heads/dependabot/npm_and_yarn/types/mocha-8.2.2.zip
dependabot/npm_and_yarn/y18n-3.2.2,master,249864751,10d5dff,36,https://github.com/Frederick-S/sp-hacker-news/archive/refs/heads/dependabot/npm_and_yarn/y18n-3.2.2.zip
dependabot/npm_and_yarn/ssri-6.0.2,master,249864751,79cb5df,36,https://github.com/Frederick-S/sp-hacker-news/archive/refs/heads/dependabot/npm_and_yarn/ssri-6.0.2.zip
dependabot/npm_and_yarn/microsoft/rush-stack-compiler-3.3-0.9.44,master,249864751,985ee7c,36,https://github.com/Frederick-S/sp-hacker-news/archive/refs/heads/dependabot/npm_and_yarn/microsoft/rush-stack-compiler-3.3-0.9.44.zip
master,master,246729822,7202498,79,https://github.com/Frederick-S/ebooks-web/archive/refs/heads/master.zip
dependabot/npm_and_yarn/path-parse-1.0.7,master,246729822,34f1c03,80,https://github.com/Frederick-S/ebooks-web/archive/refs/heads/dependabot/npm_and_yarn/path-parse-1.0.7.zip
dependabot/npm_and_yarn/vue/test-utils-1.2.2,master,246729822,68abd7d,79,https://github.com/Frederick-S/ebooks-web/archive/refs/heads/dependabot/npm_and_yarn/vue/test-utils-1.2.2.zip
dependabot/npm_and_yarn/color-string-1.6.0,master,246729822,5a50cce,79,https://github.com/Frederick-S/ebooks-web/archive/refs/heads/dependabot/npm_and_yarn/color-string-1.6.0.zip
dependabot/npm_and_yarn/postcss-7.0.36,master,246729822,1f99760,79,https://github.com/Frederick-S/ebooks-web/archive/refs/heads/dependabot/npm_and_yarn/postcss-7.0.36.zip
dependabot/npm_and_yarn/ws-5.2.3,master,246729822,dd920c2,79,https://github.com/Frederick-S/ebooks-web/archive/refs/heads/dependabot/npm_and_yarn/ws-5.2.3.zip
dependabot/npm_and_yarn/elliptic-6.5.3,master,246729822,1f74058,77,https://github.com/Frederick-S/ebooks-web/archive/refs/heads/dependabot/npm_and_yarn/elliptic-6.5.3.zip
dependabot/npm_and_yarn/vue-property-decorator-9.1.2,master,246729822,0b9ada5,79,https://github.com/Frederick-S/ebooks-web/archive/refs/heads/dependabot/npm_and_yarn/vue-property-decorator-9.1.2.zip
dependabot/npm_and_yarn/highlight.js-9.18.5,master,246729822,3f3feb1,79,https://github.com/Frederick-S/ebooks-web/archive/refs/heads/dependabot/npm_and_yarn/highlight.js-9.18.5.zip
dependabot/npm_and_yarn/ini-1.3.8,master,246729822,1abe12c,79,https://github.com/Frederick-S/ebooks-web/archive/refs/heads/dependabot/npm_and_yarn/ini-1.3.8.zip
dependabot/npm_and_yarn/axios-0.21.1,master,246729822,3c0a778,79,https://github.com/Frederick-S/ebooks-web/archive/refs/heads/dependabot/npm_and_yarn/axios-0.21.1.zip
master,master,152255319,f9e855a,534,https://github.com/Frederick-S/nhk-easy-daily/archive/refs/heads/master.zip
dependabot/npm_and_yarn/web/path-parse-1.0.7,master,152255319,0155636,535,https://github.com/Frederick-S/nhk-easy-daily/archive/refs/heads/dependabot/npm_and_yarn/web/path-parse-1.0.7.zip
dependabot/npm_and_yarn/web/tar-4.4.15,master,152255319,04fc45c,535,https://github.com/Frederick-S/nhk-easy-daily/archive/refs/heads/dependabot/npm_and_yarn/web/tar-4.4.15.zip
dependabot/gradle/com.amazonaws-aws-java-sdk-ses-1.12.38,master,152255319,a60c3fb,535,https://github.com/Frederick-S/nhk-easy-daily/archive/refs/heads/dependabot/gradle/com.amazonaws-aws-java-sdk-ses-1.12.38.zip
dependabot/npm_and_yarn/web/core-js-3.16.0,master,152255319,c541817,535,https://github.com/Frederick-S/nhk-easy-daily/archive/refs/heads/dependabot/npm_and_yarn/web/core-js-3.16.0.zip
dependabot/npm_and_yarn/web/url-parse-1.5.3,master,152255319,760dedb,535,https://github.com/Frederick-S/nhk-easy-daily/archive/refs/heads/dependabot/npm_and_yarn/web/url-parse-1.5.3.zip
dependabot/npm_and_yarn/web/websocket-extensions-0.1.4,master,152255319,8443b0a,514,https://github.com/Frederick-S/nhk-easy-daily/archive/refs/heads/dependabot/npm_and_yarn/web/websocket-extensions-0.1.4.zip
dependabot/npm_and_yarn/web/dot-prop-4.2.1,master,152255319,58b817d,517,https://github.com/Frederick-S/nhk-easy-daily/archive/refs/heads/dependabot/npm_and_yarn/web/dot-prop-4.2.1.zip
dependabot/npm_and_yarn/web/http-proxy-1.18.1,master,152255319,40358ee,517,https://github.com/Frederick-S/nhk-easy-daily/archive/refs/heads/dependabot/npm_and_yarn/web/http-proxy-1.18.1.zip
dependabot/npm_and_yarn/web/vue-property-decorator-9.1.2,master,152255319,c6e08f1,527,https://github.com/Frederick-S/nhk-easy-daily/archive/refs/heads/dependabot/npm_and_yarn/web/vue-property-decorator-9.1.2.zip
dependabot/npm_and_yarn/web/highlight.js-9.18.5,master,152255319,7a85264,527,https://github.com/Frederick-S/nhk-easy-daily/archive/refs/heads/dependabot/npm_and_yarn/web/highlight.js-9.18.5.zip
master,master,246300470,98db2c3,93,https://github.com/Frederick-S/ebooks-api/archive/refs/heads/master.zip
dependabot/add-v2-config-file,master,246300470,e08c9a3,90,https://github.com/Frederick-S/ebooks-api/archive/refs/heads/dependabot/add-v2-config-file.zip
master,master,389235792,06cc860,"1,118",https://github.com/Frederick-S/web-clipper/archive/refs/heads/master.zip
master,master,202019741,8edaf77,57,https://github.com/rakzhodekams/Fireup/archive/refs/heads/master.zip
dependabot/npm_and_yarn/path-parse-1.0.7,master,202019741,1e35dd8,58,https://github.com/rakzhodekams/Fireup/archive/refs/heads/dependabot/npm_and_yarn/path-parse-1.0.7.zip
dependabot/npm_and_yarn/postcss-7.0.36,master,202019741,2e37e6a,57,https://github.com/rakzhodekams/Fireup/archive/refs/heads/dependabot/npm_and_yarn/postcss-7.0.36.zip
dependabot/npm_and_yarn/dns-packet-1.3.4,master,202019741,f590125,57,https://github.com/rakzhodekams/Fireup/archive/refs/heads/dependabot/npm_and_yarn/dns-packet-1.3.4.zip
dependabot/npm_and_yarn/websocket-extensions-0.1.4,master,202019741,05897f1,57,https://github.com/rakzhodekams/Fireup/archive/refs/heads/dependabot/npm_and_yarn/websocket-extensions-0.1.4.zip
dependabot/npm_and_yarn/elliptic-6.5.4,master,202019741,22657fb,57,https://github.com/rakzhodekams/Fireup/archive/refs/heads/dependabot/npm_and_yarn/elliptic-6.5.4.zip
dependabot/npm_and_yarn/url-parse-1.5.1,master,202019741,a5a18c9,57,https://github.com/rakzhodekams/Fireup/archive/refs/heads/dependabot/npm_and_yarn/url-parse-1.5.1.zip
master,master,248039469,7d47e31,146,https://github.com/rakzhodekams/Linux/archive/refs/heads/master.zip
main,main,383948614,abab688,2,https://github.com/rakzhodekams/adac/archive/refs/heads/main.zip
master,master,236620297,6649544,21,https://github.com/rakzhodekams/video_aulas/archive/refs/heads/master.zip
main,main,368500921,d7575d7,1,https://github.com/rakzhodekams/livros/archive/refs/heads/main.zip
main,main,375901058,2e8b947,24,https://github.com/shivangraikar/shivangraikar.github.io/archive/refs/heads/main.zip
master,master,395053334,63ac09e,"2,151",https://github.com/shivangraikar/Python/archive/refs/heads/master.zip
Python-3.10-beta-1,master,395053334,79dd0ec,"2,115",https://github.com/shivangraikar/Python/archive/refs/heads/Python-3.10-beta-1.zip
mypy_--install-types_--non-interactive,master,395053334,8ed670e,"2,132",https://github.com/shivangraikar/Python/archive/refs/heads/mypy_--install-types_--non-interactive.zip
Write-for-current-Python,master,395053334,0912246,"2,120",https://github.com/shivangraikar/Python/archive/refs/heads/Write-for-current-Python.zip
Fix-ftp-to-allow-doctests,master,395053334,a0d31fe,"1,097",https://github.com/shivangraikar/Python/archive/refs/heads/Fix-ftp-to-allow-doctests.zip
doubly_linked_list.py-Add-doctests,master,395053334,73b166f,"1,552",https://github.com/shivangraikar/Python/archive/refs/heads/doubly_linked_list.py-Add-doctests.zip
itsvinayak-patch-1,master,395053334,35b96fc,"1,611",https://github.com/shivangraikar/Python/archive/refs/heads/itsvinayak-patch-1.zip
max-complexityto-15,master,395053334,d798bee,"1,598",https://github.com/shivangraikar/Python/archive/refs/heads/max-complexityto-15.zip
Python-3.9rc2,master,395053334,d38369a,"1,733",https://github.com/shivangraikar/Python/archive/refs/heads/Python-3.9rc2.zip
main,main,363234446,ed7a8fb,28,https://github.com/shivangraikar/DataSciencevalue/archive/refs/heads/main.zip
add-license-1,main,363234446,f2bec73,25,https://github.com/shivangraikar/DataSciencevalue/archive/refs/heads/add-license-1.zip
master,master,398796381,adc1707,9,https://github.com/shivangraikar/golorem/archive/refs/heads/master.zip
master,master,275884974,16f609c,30,https://github.com/shivangraikar/WC-Generator/archive/refs/heads/master.zip
dependabot/pip/pillow-8.2.0,master,275884974,369d330,29,https://github.com/shivangraikar/WC-Generator/archive/refs/heads/dependabot/pip/pillow-8.2.0.zip
main,main,368899480,c3a0d59,17,https://github.com/shivangraikar/Distributed-Computing/archive/refs/heads/main.zip
main,main,367337176,e0f82d8,5,https://github.com/shivangraikar/NLP-Patient-summary/archive/refs/heads/main.zip
master,master,372276855,d01286d,235,https://github.com/shivangraikar/particles.js/archive/refs/heads/master.zip
dev,master,372276855,c18c1b4,241,https://github.com/shivangraikar/particles.js/archive/refs/heads/dev.zip
main,main,362507204,0be8296,1,https://github.com/shivangraikar/DS/archive/refs/heads/main.zip
master,master,280207138,d12fe80,27,https://github.com/shivangraikar/Twitter-Data-Mining-For-Targeted-Marketing/archive/refs/heads/master.zip
master,master,284735670,9d2564c,29,https://github.com/shivangraikar/Golang-Database/archive/refs/heads/master.zip
master,master,278401215,c69fb29,5,https://github.com/shivangraikar/website/archive/refs/heads/master.zip
master,master,277892393,c74bd31,160,https://github.com/shivangraikar/simplefolio/archive/refs/heads/master.zip
master,master,263372918,49bd569,12,https://github.com/shivangraikar/Golang/archive/refs/heads/master.zip
master,master,275598272,3349c49,"3,931",https://github.com/shivangraikar/flask/archive/refs/heads/master.zip
0.12.x,master,275598272,79c71f2,"2,674",https://github.com/shivangraikar/flask/archive/refs/heads/0.12.x.zip
1.0.x,master,275598272,d92b64a,"3,469",https://github.com/shivangraikar/flask/archive/refs/heads/1.0.x.zip
1.1.x,master,275598272,88c9c68,"3,787",https://github.com/shivangraikar/flask/archive/refs/heads/1.1.x.zip
master,master,272691813,93bd621,4,https://github.com/shivangraikar/NLP/archive/refs/heads/master.zip
master,master,272175749,87ea29e,41,https://github.com/shivangraikar/Facial_Expression_Recognition_APP/archive/refs/heads/master.zip
master,master,272975256,e7c608a,529,https://github.com/shivangraikar/word_cloud/archive/refs/heads/master.zip
integral,master,272975256,dd8747c,11,https://github.com/shivangraikar/word_cloud/archive/refs/heads/integral.zip
refactoring,master,272975256,031449e,74,https://github.com/shivangraikar/word_cloud/archive/refs/heads/refactoring.zip
coloring,master,272975256,262c6ac,107,https://github.com/shivangraikar/word_cloud/archive/refs/heads/coloring.zip
separable_filter,master,272975256,54b7bde,113,https://github.com/shivangraikar/word_cloud/archive/refs/heads/separable_filter.zip
setup_fix,master,272975256,33b7e1b,128,https://github.com/shivangraikar/word_cloud/archive/refs/heads/setup_fix.zip
master,master,271281027,3b04145,2,https://github.com/shivangraikar/Facial-Recognition/archive/refs/heads/master.zip
master,master,270987049,9ab1b81,379,https://github.com/shivangraikar/awesome-python-data-science/archive/refs/heads/master.zip
master,master,266459849,2ecc6a5,3,https://github.com/shivangraikar/book-recommendor/archive/refs/heads/master.zip
master,master,265309264,2a235c2,4,https://github.com/shivangraikar/Web-scrapper-python/archive/refs/heads/master.zip
master,master,271900773,d34c622,194,https://github.com/shivangraikar/face_recognition/archive/refs/heads/master.zip
ag-tolerance,master,271900773,8789d10,74,https://github.com/shivangraikar/face_recognition/archive/refs/heads/ag-tolerance.zip
ag-color-channels-fix,master,271900773,bd34891,89,https://github.com/shivangraikar/face_recognition/archive/refs/heads/ag-color-channels-fix.zip
ag-blur-demo,master,271900773,1e202e6,93,https://github.com/shivangraikar/face_recognition/archive/refs/heads/ag-blur-demo.zip
dlib-199-updates,master,271900773,99e31be,97,https://github.com/shivangraikar/face_recognition/archive/refs/heads/dlib-199-updates.zip
master,master,271900560,4ff1107,45,https://github.com/shivangraikar/facial-expression-recognition-using-cnn/archive/refs/heads/master.zip
master,master,220504399,bf6b5eb,3,https://github.com/shivangraikar/HMS-using-Java/archive/refs/heads/master.zip
master,master,200341511,74511b9,1,https://github.com/shivangraikar/codecell/archive/refs/heads/master.zip
master,master,191905718,7c85282,4,https://github.com/shivangraikar/Computer-graphics/archive/refs/heads/master.zip
master,master,191983057,8187e3c,3,https://github.com/shivangraikar/Turtle-race-using-Turtle/archive/refs/heads/master.zip
master,master,191920168,59412fc,1,https://github.com/shivangraikar/Sentiment-Analysis-Twitter/archive/refs/heads/master.zip
DEMO,DEMO,150802979,5464a88,58,https://github.com/dalinhuang99/restapi/archive/refs/heads/DEMO.zip
master,DEMO,150802979,a52753e,62,https://github.com/dalinhuang99/restapi/archive/refs/heads/master.zip
dependabot/npm_and_yarn/eslint-utils-1.4.2,DEMO,150802979,4cd1679,59,https://github.com/dalinhuang99/restapi/archive/refs/heads/dependabot/npm_and_yarn/eslint-utils-1.4.2.zip
dependabot/npm_and_yarn/acorn-5.7.4,DEMO,150802979,4edf986,59,https://github.com/dalinhuang99/restapi/archive/refs/heads/dependabot/npm_and_yarn/acorn-5.7.4.zip
dependabot/npm_and_yarn/lodash-4.17.21,DEMO,150802979,ec04e68,59,https://github.com/dalinhuang99/restapi/archive/refs/heads/dependabot/npm_and_yarn/lodash-4.17.21.zip
master,master,349445514,06ca28a,697,https://github.com/dalinhuang99/nanocrawler/archive/refs/heads/master.zip
network-status,master,349445514,fba6608,64,https://github.com/dalinhuang99/nanocrawler/archive/refs/heads/network-status.zip
server-refactor,master,349445514,c61538f,177,https://github.com/dalinhuang99/nanocrawler/archive/refs/heads/server-refactor.zip
which-cloud,master,349445514,d5d5a4d,186,https://github.com/dalinhuang99/nanocrawler/archive/refs/heads/which-cloud.zip
statistics,master,349445514,389235b,205,https://github.com/dalinhuang99/nanocrawler/archive/refs/heads/statistics.zip
account-pages,master,349445514,3ed1bd9,250,https://github.com/dalinhuang99/nanocrawler/archive/refs/heads/account-pages.zip
master,master,101648699,0531789,78,https://github.com/dalinhuang99/dalinhuang99.github.io/archive/refs/heads/master.zip
master,master,225030467,4b4a43d,578,https://github.com/dalinhuang99/cspell-dicts/archive/refs/heads/master.zip
update-cspell,master,225030467,1aa4ba2,574,https://github.com/dalinhuang99/cspell-dicts/archive/refs/heads/update-cspell.zip
add-ruby,master,225030467,0ba6e8a,579,https://github.com/dalinhuang99/cspell-dicts/archive/refs/heads/add-ruby.zip
master,master,149696341,9143394,68,https://github.com/dalinhuang99/Study-Notes/archive/refs/heads/master.zip
ah_ok,master,149696341,e1e96e2,1,https://github.com/dalinhuang99/Study-Notes/archive/refs/heads/ah_ok.zip
test,master,149696341,5edd4be,31,https://github.com/dalinhuang99/Study-Notes/archive/refs/heads/test.zip
develop,develop,104968372,a145ea4,48,https://github.com/dalinhuang99/GitHubFollower/archive/refs/heads/develop.zip
master,develop,104968372,ef14db9,35,https://github.com/dalinhuang99/GitHubFollower/archive/refs/heads/master.zip
master,master,156554726,50cb9fe,23,https://github.com/dalinhuang99/tweepy/archive/refs/heads/master.zip
master,master,154976956,e620809,46,https://github.com/dalinhuang99/LeetCode/archive/refs/heads/master.zip
ok,master,154976956,77c3595,1,https://github.com/dalinhuang99/LeetCode/archive/refs/heads/ok.zip
develop,develop,144785853,33507c9,30,https://github.com/dalinhuang99/betify/archive/refs/heads/develop.zip
master,develop,144785853,f731701,31,https://github.com/dalinhuang99/betify/archive/refs/heads/master.zip
master,master,187073802,ca9fc7a,60,https://github.com/dalinhuang99/iexec-pools-registry/archive/refs/heads/master.zip
v3,master,187073802,3708ba5,70,https://github.com/dalinhuang99/iexec-pools-registry/archive/refs/heads/v3.zip
patch-1,master,187073802,adbe7ae,61,https://github.com/dalinhuang99/iexec-pools-registry/archive/refs/heads/patch-1.zip
master,master,187533603,73b0529,11,https://github.com/dalinhuang99/blockchain-random-number-algorithm/archive/refs/heads/master.zip
master,master,48760899,67a4fd3,107,https://github.com/dalinhuang99/meanjs/archive/refs/heads/master.zip
master,master,76312235,b9c04ad,20,https://github.com/dalinhuang99/shopify-store-auto-pwd/archive/refs/heads/master.zip
master,master,164691914,c98d578,729,https://github.com/dalinhuang99/vue-element-admin/archive/refs/heads/master.zip
perf/keep-alive,master,164691914,d431de0,483,https://github.com/dalinhuang99/vue-element-admin/archive/refs/heads/perf/keep-alive.zip
refactor/tinymce4.7.6,master,164691914,56f67f0,493,https://github.com/dalinhuang99/vue-element-admin/archive/refs/heads/refactor/tinymce4.7.6.zip
pwa,master,164691914,775f6f5,591,https://github.com/dalinhuang99/vue-element-admin/archive/refs/heads/pwa.zip
webpack3,master,164691914,1df59cc,621,https://github.com/dalinhuang99/vue-element-admin/archive/refs/heads/webpack3.zip
r,master,164691914,7c36e58,694,https://github.com/dalinhuang99/vue-element-admin/archive/refs/heads/r.zip
master,master,156014498,d98b03d,33,https://github.com/dalinhuang99/udemy-python3/archive/refs/heads/master.zip
master,master,150051329,dac2e71,"1,655",https://github.com/dalinhuang99/javascript-tutorial-en/archive/refs/heads/master.zip
master,master,149696924,291fc85,678,https://github.com/dalinhuang99/MarkdownEditing/archive/refs/heads/master.zip
gh-pages,master,149696924,ed8b6e0,5,https://github.com/dalinhuang99/MarkdownEditing/archive/refs/heads/gh-pages.zip
master,master,258559135,a20acbe,5,https://github.com/cafeUncle/vue-sample/archive/refs/heads/master.zip
dependabot/npm_and_yarn/postcss-7.0.36,master,258559135,458b20b,6,https://github.com/cafeUncle/vue-sample/archive/refs/heads/dependabot/npm_and_yarn/postcss-7.0.36.zip
dependabot/npm_and_yarn/ws-6.2.2,master,258559135,3f466c8,6,https://github.com/cafeUncle/vue-sample/archive/refs/heads/dependabot/npm_and_yarn/ws-6.2.2.zip
dependabot/npm_and_yarn/dns-packet-1.3.4,master,258559135,6113673,6,https://github.com/cafeUncle/vue-sample/archive/refs/heads/dependabot/npm_and_yarn/dns-packet-1.3.4.zip
dependabot/npm_and_yarn/websocket-extensions-0.1.4,master,258559135,790941d,6,https://github.com/cafeUncle/vue-sample/archive/refs/heads/dependabot/npm_and_yarn/websocket-extensions-0.1.4.zip
dependabot/npm_and_yarn/http-proxy-1.18.1,master,258559135,4ed6528,6,https://github.com/cafeUncle/vue-sample/archive/refs/heads/dependabot/npm_and_yarn/http-proxy-1.18.1.zip
dependabot/npm_and_yarn/ini-1.3.8,master,258559135,a7d4e78,6,https://github.com/cafeUncle/vue-sample/archive/refs/heads/dependabot/npm_and_yarn/ini-1.3.8.zip
dependabot/npm_and_yarn/elliptic-6.5.4,master,258559135,cbced04,6,https://github.com/cafeUncle/vue-sample/archive/refs/heads/dependabot/npm_and_yarn/elliptic-6.5.4.zip
dependabot/npm_and_yarn/y18n-4.0.1,master,258559135,7496f94,6,https://github.com/cafeUncle/vue-sample/archive/refs/heads/dependabot/npm_and_yarn/y18n-4.0.1.zip
master,master,256946078,6439fa6,4,https://github.com/cafeUncle/webpack-sample/archive/refs/heads/master.zip
dependabot/npm_and_yarn/postcss-7.0.36,master,256946078,c5b1664,5,https://github.com/cafeUncle/webpack-sample/archive/refs/heads/dependabot/npm_and_yarn/postcss-7.0.36.zip
dependabot/npm_and_yarn/ws-6.2.2,master,256946078,df077ac,5,https://github.com/cafeUncle/webpack-sample/archive/refs/heads/dependabot/npm_and_yarn/ws-6.2.2.zip
dependabot/npm_and_yarn/dns-packet-1.3.4,master,256946078,1806df4,5,https://github.com/cafeUncle/webpack-sample/archive/refs/heads/dependabot/npm_and_yarn/dns-packet-1.3.4.zip
dependabot/npm_and_yarn/websocket-extensions-0.1.4,master,256946078,ad6a869,5,https://github.com/cafeUncle/webpack-sample/archive/refs/heads/dependabot/npm_and_yarn/websocket-extensions-0.1.4.zip
dependabot/npm_and_yarn/http-proxy-1.18.1,master,256946078,a7ea9ad,5,https://github.com/cafeUncle/webpack-sample/archive/refs/heads/dependabot/npm_and_yarn/http-proxy-1.18.1.zip
dependabot/npm_and_yarn/ini-1.3.8,master,256946078,fa31283,5,https://github.com/cafeUncle/webpack-sample/archive/refs/heads/dependabot/npm_and_yarn/ini-1.3.8.zip
dependabot/npm_and_yarn/elliptic-6.5.4,master,256946078,b8cc581,5,https://github.com/cafeUncle/webpack-sample/archive/refs/heads/dependabot/npm_and_yarn/elliptic-6.5.4.zip
dependabot/npm_and_yarn/y18n-4.0.1,master,256946078,2e81534,5,https://github.com/cafeUncle/webpack-sample/archive/refs/heads/dependabot/npm_and_yarn/y18n-4.0.1.zip
master,master,219625218,3685576,3,https://github.com/cafeUncle/golang-practice/archive/refs/heads/master.zip
master,master,175597816,88d29d7,4,https://github.com/cafeUncle/noedge/archive/refs/heads/master.zip
main,main,323038672,d64d186,34,https://github.com/heru616/github-slideshow/archive/refs/heads/main.zip
whitesource/configure,main,323038672,1146f48,35,https://github.com/heru616/github-slideshow/archive/refs/heads/whitesource/configure.zip
master,master,320721722,ba72c17,13,https://github.com/heru616/github-actions-continuous-delivery-azure/archive/refs/heads/master.zip
azure-configuration,master,320721722,25c5734,14,https://github.com/heru616/github-actions-continuous-delivery-azure/archive/refs/heads/azure-configuration.zip
production-deployment-workflow,master,320721722,9dda6cd,14,https://github.com/heru616/github-actions-continuous-delivery-azure/archive/refs/heads/production-deployment-workflow.zip
staging-test,master,320721722,06807d0,14,https://github.com/heru616/github-actions-continuous-delivery-azure/archive/refs/heads/staging-test.zip
heru616-patch-1,master,320721722,73bba2f,14,https://github.com/heru616/github-actions-continuous-delivery-azure/archive/refs/heads/heru616-patch-1.zip
staging-workflow,master,320721722,61a50fc,15,https://github.com/heru616/github-actions-continuous-delivery-azure/archive/refs/heads/staging-workflow.zip
main,main,320720096,ce3bcaf,1,https://github.com/heru616/project-ok/archive/refs/heads/main.zip
gh-pages,main,320720096,b72702d,2,https://github.com/heru616/project-ok/archive/refs/heads/gh-pages.zip
whitesource/configure,main,320720096,14414ee,2,https://github.com/heru616/project-ok/archive/refs/heads/whitesource/configure.zip
main,main,318364946,9c6bb93,1,https://github.com/heru616/project-happy/archive/refs/heads/main.zip
whitesource/configure,main,318364946,262deb7,2,https://github.com/heru616/project-happy/archive/refs/heads/whitesource/configure.zip
main,main,317715595,119224a,1,https://github.com/heru616/heru/archive/refs/heads/main.zip
whitesource/configure,main,317715595,26ee88e,2,https://github.com/heru616/heru/archive/refs/heads/whitesource/configure.zip
main,main,350007655,956f2d0,29,https://github.com/mattn/go-generics-example/archive/refs/heads/main.zip
main,main,398555721,16d9e76,1,https://github.com/mattn/go-iseven/archive/refs/heads/main.zip
master,master,81241955,bc6e726,157,https://github.com/mattn/memo/archive/refs/heads/master.zip
renovate/github.com-mattn-go-runewidth-0.x,master,81241955,ced2814,130,https://github.com/mattn/memo/archive/refs/heads/renovate/github.com-mattn-go-runewidth-0.x.zip
renovate/github.com-mattn-go-isatty-0.x,master,81241955,c5dea09,137,https://github.com/mattn/memo/archive/refs/heads/renovate/github.com-mattn-go-isatty-0.x.zip
master,master,228015450,0aad520,942,https://github.com/mattn/vim-lsp-settings/archive/refs/heads/master.zip
glslls,master,228015450,5a9a1bd,490,https://github.com/mattn/vim-lsp-settings/archive/refs/heads/glslls.zip
add-sqls,master,228015450,b0d2115,506,https://github.com/mattn/vim-lsp-settings/archive/refs/heads/add-sqls.zip
fix-177,master,228015450,26b5196,599,https://github.com/mattn/vim-lsp-settings/archive/refs/heads/fix-177.zip
json-languageserver-2,master,228015450,ca18711,631,https://github.com/mattn/vim-lsp-settings/archive/refs/heads/json-languageserver-2.zip
angular,master,228015450,597b8da,785,https://github.com/mattn/vim-lsp-settings/archive/refs/heads/angular.zip
master,master,270303482,19caedf,172,https://github.com/mattn/clask/archive/refs/heads/master.zip
any,master,270303482,c4f0e89,169,https://github.com/mattn/clask/archive/refs/heads/any.zip
master,master,397759483,311355d,40,https://github.com/mattn/viddy/archive/refs/heads/master.zip
windows,master,397759483,87be43d,42,https://github.com/mattn/viddy/archive/refs/heads/windows.zip
main,main,396826866,65f6542,11,https://github.com/mattn/pqssh/archive/refs/heads/main.zip
main,main,397509782,d8fc712,4,https://github.com/mattn/zauth/archive/refs/heads/main.zip
fix,main,397509782,a29bb6b,6,https://github.com/mattn/zauth/archive/refs/heads/fix.zip
master,master,80591161,b172108,30,https://github.com/mattn/sshgo/archive/refs/heads/master.zip
master,master,25238185,09e043e,22,https://github.com/mattn/go-mjpeg/archive/refs/heads/master.zip
master,master,47863686,254b632,54,https://github.com/mattn/go-zglob/archive/refs/heads/master.zip
fix-symlink,master,47863686,0f035cb,18,https://github.com/mattn/go-zglob/archive/refs/heads/fix-symlink.zip
directory,master,47863686,d27b95a,24,https://github.com/mattn/go-zglob/archive/refs/heads/directory.zip
zenv,master,47863686,b3cf6dd,22,https://github.com/mattn/go-zglob/archive/refs/heads/zenv.zip
main,main,393107558,8a8d372,9,https://github.com/mattn/echo-ent-example/archive/refs/heads/main.zip
master,master,297872187,c1fcee4,12,https://github.com/mattn/entgo-bbs/archive/refs/heads/master.zip
master,master,2755696,3392062,901,https://github.com/mattn/go-sqlite3/archive/refs/heads/master.zip
gh-pages,master,2755696,52808b5,1,https://github.com/mattn/go-sqlite3/archive/refs/heads/gh-pages.zip
systemlib,master,2755696,ee9da48,290,https://github.com/mattn/go-sqlite3/archive/refs/heads/systemlib.zip
type,master,2755696,d0e4959,405,https://github.com/mattn/go-sqlite3/archive/refs/heads/type.zip
csv,master,2755696,564e1ee,498,https://github.com/mattn/go-sqlite3/archive/refs/heads/csv.zip
notify,master,2755696,cf9f5ca,556,https://github.com/mattn/go-sqlite3/archive/refs/heads/notify.zip
master,master,389099021,4bb14d4,531,https://github.com/mattn/pprof/archive/refs/heads/master.zip
fix-typos,master,389099021,1606fbe,534,https://github.com/mattn/pprof/archive/refs/heads/fix-typos.zip
kalyanac-patch-1,master,389099021,040f55d,443,https://github.com/mattn/pprof/archive/refs/heads/kalyanac-patch-1.zip
kalyanac-patch-3,master,389099021,d09caaf,444,https://github.com/mattn/pprof/archive/refs/heads/kalyanac-patch-3.zip
kalyanac-drop-xcode83,master,389099021,131fc72,446,https://github.com/mattn/pprof/archive/refs/heads/kalyanac-drop-xcode83.zip
aalexand-patch-1,master,389099021,0679a6c,457,https://github.com/mattn/pprof/archive/refs/heads/aalexand-patch-1.zip
github_action_badge,master,389099021,8a99f76,485,https://github.com/mattn/pprof/archive/refs/heads/github_action_badge.zip
main,main,392687090,0f45366,10,https://github.com/mattn/xstrings/archive/refs/heads/main.zip
remove-comment,main,392687090,d3ffe06,12,https://github.com/mattn/xstrings/archive/refs/heads/remove-comment.zip
fix-firstnrunes,main,392687090,2223bd7,12,https://github.com/mattn/xstrings/archive/refs/heads/fix-firstnrunes.zip
master,master,169221755,4b4f8f4,341,https://github.com/mattn/efm-langserver/archive/refs/heads/master.zip
prefix,master,169221755,bb527a1,327,https://github.com/mattn/efm-langserver/archive/refs/heads/prefix.zip
master,master,389100386,cbf565b,84,https://github.com/mattn/arch/archive/refs/heads/master.zip
fix-typos,master,389100386,a97430e,85,https://github.com/mattn/arch/archive/refs/heads/fix-typos.zip
fix-typos2,master,389100386,c6bd211,85,https://github.com/mattn/arch/archive/refs/heads/fix-typos2.zip
release-branch.go1.11,master,389100386,5de9028,54,https://github.com/mattn/arch/archive/refs/heads/release-branch.go1.11.zip
release-branch.go1.12,master,389100386,5a4828b,56,https://github.com/mattn/arch/archive/refs/heads/release-branch.go1.12.zip
release-branch.go1.13,master,389100386,8a70ba7,59,https://github.com/mattn/arch/archive/refs/heads/release-branch.go1.13.zip
release-branch.go1.14,master,389100386,8a70ba7,59,https://github.com/mattn/arch/archive/refs/heads/release-branch.go1.14.zip
release-branch.go1.15,master,389100386,f7c7858,68,https://github.com/mattn/arch/archive/refs/heads/release-branch.go1.15.zip
master,master,389099772,61c622d,72,https://github.com/mattn/demangle/archive/refs/heads/master.zip
fix-typo,master,389099772,a25ae08,73,https://github.com/mattn/demangle/archive/refs/heads/fix-typo.zip
master,master,1420057,3871461,193,https://github.com/mattn/go-xmpp/archive/refs/heads/master.zip
master,master,9495505,3189dbd,371,https://github.com/mattn/goveralls/archive/refs/heads/master.zip
docs/env-variables,master,9495505,9ac8430,330,https://github.com/mattn/goveralls/archive/refs/heads/docs/env-variables.zip
main,main,387738565,d29a556,11,https://github.com/mattn/gowasmer/archive/refs/heads/main.zip
master,master,22405117,2e1b0c1,135,https://github.com/mattn/go-colorable/archive/refs/heads/master.zip
gh-pages,master,22405117,031fe78,1,https://github.com/mattn/go-colorable/archive/refs/heads/gh-pages.zip
buffer,master,22405117,a1d69c6,92,https://github.com/mattn/go-colorable/archive/refs/heads/buffer.zip
master,master,181794360,715ae0b,28,https://github.com/mattn/mruby-tflite/archive/refs/heads/master.zip
master,master,10835647,1ccc74d,144,https://github.com/mattn/go-runewidth/archive/refs/heads/master.zip
master,master,18314451,68134e7,113,https://github.com/mattn/go-isatty/archive/refs/heads/master.zip
cygwin-msys2,master,18314451,9b0bf5f,32,https://github.com/mattn/go-isatty/archive/refs/heads/cygwin-msys2.zip
master,master,207428397,62bfdec,117,https://github.com/mattn/longcat/archive/refs/heads/master.zip
check-supported,master,207428397,a52a0b7,49,https://github.com/mattn/longcat/archive/refs/heads/check-supported.zip
master,master,25883731,54d4b84,8,https://github.com/mattn/serve/archive/refs/heads/master.zip
master,master,106024262,2de9837,5,https://github.com/mattn/webcam-live/archive/refs/heads/master.zip
master,master,180091814,169ee07,"5,344",https://github.com/mattn/gonum/archive/refs/heads/master.zip
fix-typo,master,180091814,cc0443d,"6,067",https://github.com/mattn/gonum/archive/refs/heads/fix-typo.zip
add-me,master,180091814,4472db5,"6,066",https://github.com/mattn/gonum/archive/refs/heads/add-me.zip
asm/copy,master,180091814,a03a685,"4,552",https://github.com/mattn/gonum/archive/refs/heads/asm/copy.zip
joss-paper,master,180091814,4258547,"4,616",https://github.com/mattn/gonum/archive/refs/heads/joss-paper.zip
f32/gemv,master,180091814,8aed8a5,"4,771",https://github.com/mattn/gonum/archive/refs/heads/f32/gemv.zip
fourier-sincos,master,180091814,daf39dc,"4,867",https://github.com/mattn/gonum/archive/refs/heads/fourier-sincos.zip
stat/mds_mca,master,180091814,9617ad7,"4,876",https://github.com/mattn/gonum/archive/refs/heads/stat/mds_mca.zip
master,master,39970626,ef971a5,28,https://github.com/jinnjuice/new-website/archive/refs/heads/master.zip
master,master,39524992,6fbad5b,17,https://github.com/jinnjuice/rocket-shop/archive/refs/heads/master.zip
master,master,39224953,97e6d72,4,https://github.com/jinnjuice/ProteinTracker/archive/refs/heads/master.zip
master,master,39225320,dc5afdf,1,https://github.com/jinnjuice/minimum-angle/archive/refs/heads/master.zip
main,main,390740942,2a12357,46,https://github.com/Lisprez/yakvdb/archive/refs/heads/main.zip
develop,main,390740942,2a12357,46,https://github.com/Lisprez/yakvdb/archive/refs/heads/develop.zip
master,master,390613544,733def7,252,https://github.com/Lisprez/easytcp/archive/refs/heads/master.zip
feature/remove-mutelogger,master,390613544,8480400,250,https://github.com/Lisprez/easytcp/archive/refs/heads/feature/remove-mutelogger.zip
master,master,391292951,12ce946,192,https://github.com/Lisprez/go-pry/archive/refs/heads/master.zip
main,main,390738100,7a98ccf,34,https://github.com/Lisprez/expr/archive/refs/heads/main.zip
master,master,391512345,4eeaa9d,732,https://github.com/Lisprez/scrift/archive/refs/heads/master.zip
master,master,55215539,dfae65d,54,https://github.com/Lisprez/so_stupid_search/archive/refs/heads/master.zip
main,main,370626778,458dc28,5,https://github.com/Lisprez/arithmetic_expression_evaluator/archive/refs/heads/main.zip
main,main,368102753,ae2ece3,25,https://github.com/Lisprez/go-sqldb/archive/refs/heads/main.zip
dev,dev,362461246,9492bd7,254,https://github.com/Lisprez/Hazel/archive/refs/heads/dev.zip
go,dev,362461246,190a5ec,133,https://github.com/Lisprez/Hazel/archive/refs/heads/go.zip
master,master,362377332,27fe5c6,359,https://github.com/Lisprez/Melon/archive/refs/heads/master.zip
main,main,312183368,0abc388,9,https://github.com/Lisprez/Lisprez/archive/refs/heads/main.zip
master,master,346646819,e7bba7b,"2,707",https://github.com/Lisprez/zguide/archive/refs/heads/master.zip
revert-493-fix/tim-clifford/at-least-attempt-to-fix-chapter-links,master,346646819,105b72c,"1,921",https://github.com/Lisprez/zguide/archive/refs/heads/revert-493-fix/tim-clifford/at-least-attempt-to-fix-chapter-links.zip
revert-685-patch-1,master,346646819,ded0431,"2,448",https://github.com/Lisprez/zguide/archive/refs/heads/revert-685-patch-1.zip
master,master,367221626,287e7a4,61,https://github.com/Lisprez/tableflip/archive/refs/heads/master.zip
lmb/error-clean-up,master,367221626,263380c,48,https://github.com/Lisprez/tableflip/archive/refs/heads/lmb/error-clean-up.zip
fix-arg-passing,master,367221626,f0fdac9,60,https://github.com/Lisprez/tableflip/archive/refs/heads/fix-arg-passing.zip
fix-test-with-closed-stdin,master,367221626,293fa4b,61,https://github.com/Lisprez/tableflip/archive/refs/heads/fix-test-with-closed-stdin.zip
master,master,382352021,d7b5828,40,https://github.com/Lisprez/my_init_vim/archive/refs/heads/master.zip
master,master,327188862,15007bb,40,https://github.com/Lisprez/slurp/archive/refs/heads/master.zip
feature/vector,master,327188862,2b9e0e2,41,https://github.com/Lisprez/slurp/archive/refs/heads/feature/vector.zip
feature/eval-vector,master,327188862,03729e5,32,https://github.com/Lisprez/slurp/archive/refs/heads/feature/eval-vector.zip
bugfix/vector-empty,master,327188862,bc9aa39,37,https://github.com/Lisprez/slurp/archive/refs/heads/bugfix/vector-empty.zip
docs/readme-improvements,master,327188862,5e6dce9,42,https://github.com/Lisprez/slurp/archive/refs/heads/docs/readme-improvements.zip
master,master,320210784,be6c678,851,https://github.com/Lisprez/typesense/archive/refs/heads/master.zip
mysql_integration,master,320210784,79a864b,528,https://github.com/Lisprez/typesense/archive/refs/heads/mysql_integration.zip
enable-bool-int-facets,master,320210784,e915c51,556,https://github.com/Lisprez/typesense/archive/refs/heads/enable-bool-int-facets.zip
query-positional-rank,master,320210784,64399fe,601,https://github.com/Lisprez/typesense/archive/refs/heads/query-positional-rank.zip
braft-clustering,master,320210784,da95807,632,https://github.com/Lisprez/typesense/archive/refs/heads/braft-clustering.zip
distinct-grouping,master,320210784,d53061e,689,https://github.com/Lisprez/typesense/archive/refs/heads/distinct-grouping.zip
master,master,319683270,e4d4c62,391,https://github.com/Lisprez/ugrep/archive/refs/heads/master.zip
master,master,305914324,fcd54ac,52,https://github.com/Lisprez/yyjson/archive/refs/heads/master.zip
master,master,296513396,01a0b90,421,https://github.com/Lisprez/libhv/archive/refs/heads/master.zip
dev,master,296513396,01a0b90,421,https://github.com/Lisprez/libhv/archive/refs/heads/dev.zip
master,master,312179632,04f8939,10,https://github.com/Lisprez/smallnest/archive/refs/heads/master.zip
master,master,377049789,c5f9152,199,https://github.com/Lisprez/dotfiles-1/archive/refs/heads/master.zip
master,master,286615959,882052f,101,https://github.com/Lisprez/observer/archive/refs/heads/master.zip
C++20,master,286615959,e63f357,28,https://github.com/Lisprez/observer/archive/refs/heads/C++20.zip
master,master,285776860,c3e79af,11,https://github.com/Lisprez/basalt/archive/refs/heads/master.zip
master,master,283104190,51b431a,1,https://github.com/Lisprez/redcon.c/archive/refs/heads/master.zip
master,master,283930816,b8f27e2,65,https://github.com/Lisprez/selfupdate/archive/refs/heads/master.zip
master,master,280656150,f1353f5,361,https://github.com/Lisprez/dotfiles/archive/refs/heads/master.zip
gg,master,280656150,f1353f5,361,https://github.com/Lisprez/dotfiles/archive/refs/heads/gg.zip
master,master,280996628,21d630c,672,https://github.com/Lisprez/neovim-config/archive/refs/heads/master.zip
testing-konsole,master,280996628,364d453,112,https://github.com/Lisprez/neovim-config/archive/refs/heads/testing-konsole.zip
test-notifications,master,280996628,93e2779,188,https://github.com/Lisprez/neovim-config/archive/refs/heads/test-notifications.zip
development,master,280996628,aa2ea60,211,https://github.com/Lisprez/neovim-config/archive/refs/heads/development.zip
onedark,master,280996628,f73bda8,219,https://github.com/Lisprez/neovim-config/archive/refs/heads/onedark.zip
nord,master,280996628,9b0659f,223,https://github.com/Lisprez/neovim-config/archive/refs/heads/nord.zip
master,master,283637131,0b70cd6,271,https://github.com/Lisprez/emacs/archive/refs/heads/master.zip
develop,master,283637131,b460d03,7,https://github.com/Lisprez/emacs/archive/refs/heads/develop.zip
master,master,282796357,75bd92d,75,https://github.com/Lisprez/cmd/archive/refs/heads/master.zip
devel,master,282796357,9a47569,51,https://github.com/Lisprez/cmd/archive/refs/heads/devel.zip
new-state,master,282796357,a9258bb,49,https://github.com/Lisprez/cmd/archive/refs/heads/new-state.zip
close-streaming-chans,master,282796357,fac9413,68,https://github.com/Lisprez/cmd/archive/refs/heads/close-streaming-chans.zip
fix-windows-test-coverage,master,282796357,b1d75a0,70,https://github.com/Lisprez/cmd/archive/refs/heads/fix-windows-test-coverage.zip
master,master,278543492,9e7587f,17,https://github.com/Lisprez/USRefl/archive/refs/heads/master.zip
master,master,164038834,d78006a,36,https://github.com/ZECTBynmo/cynthiascripts/archive/refs/heads/master.zip
main,main,359188031,116421c,1,https://github.com/ZECTBynmo/lovelyel9o5/archive/refs/heads/main.zip
gh-pages,main,359188031,228d09c,2,https://github.com/ZECTBynmo/lovelyel9o5/archive/refs/heads/gh-pages.zip
master,master,351548127,9813b1e,1,https://github.com/ZECTBynmo/awesome-engineering-youtube/archive/refs/heads/master.zip
main,main,299479331,6ff0bf8,"1,756",https://github.com/ZECTBynmo/node-slack-sdk/archive/refs/heads/main.zip
1.x,main,299479331,1ab67fc,124,https://github.com/ZECTBynmo/node-slack-sdk/archive/refs/heads/1.x.zip
v3,main,299479331,433f0d0,622,https://github.com/ZECTBynmo/node-slack-sdk/archive/refs/heads/v3.zip
revert-717-remove-node-lessthan8,main,299479331,73c0a17,"1,077",https://github.com/ZECTBynmo/node-slack-sdk/archive/refs/heads/revert-717-remove-node-lessthan8.zip
v4,main,299479331,e16a5d1,"1,083",https://github.com/ZECTBynmo/node-slack-sdk/archive/refs/heads/v4.zip
add_code_of_conduct_file,main,299479331,f4f0a30,"1,440",https://github.com/ZECTBynmo/node-slack-sdk/archive/refs/heads/add_code_of_conduct_file.zip
master,master,262215384,d85e188,13,https://github.com/ZECTBynmo/kube-mirror/archive/refs/heads/master.zip
master,master,252841904,c125883,542,https://github.com/ZECTBynmo/redis-operator/archive/refs/heads/master.zip
change-update-strategy,master,252841904,37e136d,425,https://github.com/ZECTBynmo/redis-operator/archive/refs/heads/change-update-strategy.zip
change-update-policy,master,252841904,694251f,438,https://github.com/ZECTBynmo/redis-operator/archive/refs/heads/change-update-policy.zip
master,master,239220199,b37f4dc,24,https://github.com/ZECTBynmo/aws-appsync-chat/archive/refs/heads/master.zip
dependabot/npm_and_yarn/js-yaml-3.13.1,master,239220199,50c9964,25,https://github.com/ZECTBynmo/aws-appsync-chat/archive/refs/heads/dependabot/npm_and_yarn/js-yaml-3.13.1.zip
dependabot/npm_and_yarn/lodash.template-4.5.0,master,239220199,2fe2a32,25,https://github.com/ZECTBynmo/aws-appsync-chat/archive/refs/heads/dependabot/npm_and_yarn/lodash.template-4.5.0.zip
dependabot/npm_and_yarn/eslint-utils-1.4.3,master,239220199,289e113,25,https://github.com/ZECTBynmo/aws-appsync-chat/archive/refs/heads/dependabot/npm_and_yarn/eslint-utils-1.4.3.zip
dependabot/npm_and_yarn/handlebars-4.7.2,master,239220199,d0b36e9,25,https://github.com/ZECTBynmo/aws-appsync-chat/archive/refs/heads/dependabot/npm_and_yarn/handlebars-4.7.2.zip
dependabot/npm_and_yarn/lodash-es-4.17.15,master,239220199,fcedabf,25,https://github.com/ZECTBynmo/aws-appsync-chat/archive/refs/heads/dependabot/npm_and_yarn/lodash-es-4.17.15.zip
master,master,231864573,dd5d17a,13,https://github.com/ZECTBynmo/terraform-aws-mongodb/archive/refs/heads/master.zip
master,master,222522465,934a8d1,448,https://github.com/ZECTBynmo/node-openid-client/archive/refs/heads/master.zip
master,master,212723658,cfade37,94,https://github.com/ZECTBynmo/terraform-aws-rds/archive/refs/heads/master.zip
terraform011,master,212723658,4a4e014,90,https://github.com/ZECTBynmo/terraform-aws-rds/archive/refs/heads/terraform011.zip
master,master,205625381,de2ccca,28,https://github.com/ZECTBynmo/create-react-app-auth-amplify/archive/refs/heads/master.zip
master,master,185083676,64c702c,53,https://github.com/ZECTBynmo/magenta-demos/archive/refs/heads/master.zip
gh-pages,master,185083676,7d7a1f1,7,https://github.com/ZECTBynmo/magenta-demos/archive/refs/heads/gh-pages.zip
master,master,168426945,ab7d9b4,1,https://github.com/ZECTBynmo/docker-demo/archive/refs/heads/master.zip
master,master,167479922,fe15df4,17,https://github.com/ZECTBynmo/connectwise-action-api/archive/refs/heads/master.zip
master,master,330426500,29fc264,293,https://github.com/ZECTBynmo/steamlink/archive/refs/heads/master.zip
master,master,185769043,230e2e5,5,https://github.com/newbokee/UIDP/archive/refs/heads/master.zip
master,master,130200357,2bbaed2,668,https://github.com/newbokee/Nethereum/archive/refs/heads/master.zip
ContractProjectGenerator_PreventOutputtingEmptyFiles,master,130200357,1699b40,629,https://github.com/newbokee/Nethereum/archive/refs/heads/ContractProjectGenerator_PreventOutputtingEmptyFiles.zip
master,master,154092793,ccf336a,4,https://github.com/newbokee/Wyc_NEWRK/archive/refs/heads/master.zip
master,master,72442171,7e7948c,"1,998",https://github.com/newbokee/AutoMapper/archive/refs/heads/master.zip
MappingStructsToClass,master,72442171,b151a33,"1,535",https://github.com/newbokee/AutoMapper/archive/refs/heads/MappingStructsToClass.zip
UnusedMethods,master,72442171,9c00ad4,"1,539",https://github.com/newbokee/AutoMapper/archive/refs/heads/UnusedMethods.zip
CollapseObjectMapper,master,72442171,9db82b8,"1,620",https://github.com/newbokee/AutoMapper/archive/refs/heads/CollapseObjectMapper.zip
BetterExceptionMessages,master,72442171,cc1c0d3,"1,801",https://github.com/newbokee/AutoMapper/archive/refs/heads/BetterExceptionMessages.zip
lbargaoanu-TypeMapPlanBuilder,master,72442171,11f95aa,"1,805",https://github.com/newbokee/AutoMapper/archive/refs/heads/lbargaoanu-TypeMapPlanBuilder.zip
master,master,32252308,f9ec68a,4,https://github.com/angusshire/greenhat/archive/refs/heads/master.zip
master,master,226186924,1b68ae9,8,https://github.com/angusshire/docker-fleet-api-ci/archive/refs/heads/master.zip
fixing-my-mistake,master,226186924,1d914a4,7,https://github.com/angusshire/docker-fleet-api-ci/archive/refs/heads/fixing-my-mistake.zip
add-postman,master,226186924,980fec9,9,https://github.com/angusshire/docker-fleet-api-ci/archive/refs/heads/add-postman.zip
master,master,207505263,21333dc,113,https://github.com/angusshire/daytripper/archive/refs/heads/master.zip
master,master,196451236,0a6e5f4,1,https://github.com/angusshire/pycommunityid/archive/refs/heads/master.zip
master,master,197078963,2506a07,192,https://github.com/angusshire/gosaml2/archive/refs/heads/master.zip
phoebesimon/change-how-certs-are-stored,master,197078963,bcfee4f,14,https://github.com/angusshire/gosaml2/archive/refs/heads/phoebesimon/change-how-certs-are-stored.zip
phoebesimon/use-nameId-for-login,master,197078963,5c9fda0,27,https://github.com/angusshire/gosaml2/archive/refs/heads/phoebesimon/use-nameId-for-login.zip
phoebesimon/workaround-for-okta,master,197078963,9315ad8,57,https://github.com/angusshire/gosaml2/archive/refs/heads/phoebesimon/workaround-for-okta.zip
russell_h/identity_provider_tests,master,197078963,81da74b,63,https://github.com/angusshire/gosaml2/archive/refs/heads/russell_h/identity_provider_tests.zip
russell_h/fix_signing_method,master,197078963,245f661,65,https://github.com/angusshire/gosaml2/archive/refs/heads/russell_h/fix_signing_method.zip
master,master,187394948,dd173f4,"8,494",https://github.com/angusshire/zeek/archive/refs/heads/master.zip
topic/seth/case-insensitive-patterns,master,187394948,795f1b4,3,https://github.com/angusshire/zeek/archive/refs/heads/topic/seth/case-insensitive-patterns.zip
topic/seth/sebek-analyzer,master,187394948,7a8ec01,124,https://github.com/angusshire/zeek/archive/refs/heads/topic/seth/sebek-analyzer.zip
topic/ignore-me,master,187394948,00a2aef,223,https://github.com/angusshire/zeek/archive/refs/heads/topic/ignore-me.zip
release/1.5,master,187394948,2b6ad76,2,https://github.com/angusshire/zeek/archive/refs/heads/release/1.5.zip
devel,master,187394948,92b5686,293,https://github.com/angusshire/zeek/archive/refs/heads/devel.zip
master,master,190628567,03b0ad9,5,https://github.com/angusshire/Shibboleth-SAML-IdP-and-SP/archive/refs/heads/master.zip
master,master,192439663,337d6ea,41,https://github.com/angusshire/slack-logger/archive/refs/heads/master.zip
master,master,198697040,8c3b36a,9,https://github.com/angusshire/XOR-Linked-List/archive/refs/heads/master.zip
master,master,28294643,6c1f304,29,https://github.com/angusshire/memscan/archive/refs/heads/master.zip
master,master,187852110,29dc5d2,876,https://github.com/angusshire/hilti/archive/refs/heads/master.zip
topic/robin/justrx-jit,master,187852110,6a6d636,620,https://github.com/angusshire/hilti/archive/refs/heads/topic/robin/justrx-jit.zip
topic/robin/true-globals,master,187852110,2833702,363,https://github.com/angusshire/hilti/archive/refs/heads/topic/robin/true-globals.zip
topic/robin/refcnt,master,187852110,266692f,734,https://github.com/angusshire/hilti/archive/refs/heads/topic/robin/refcnt.zip
topic/robin/unions,master,187852110,509d72c,740,https://github.com/angusshire/hilti/archive/refs/heads/topic/robin/unions.zip
topic/freebsd,master,187852110,aa6e381,761,https://github.com/angusshire/hilti/archive/refs/heads/topic/freebsd.zip
master,master,187508313,54925c0,26,https://github.com/angusshire/credit-card-exposure/archive/refs/heads/master.zip
master,master,95984687,1d0de3a,12,https://github.com/angusshire/hello-rails/archive/refs/heads/master.zip
master,master,54512789,6ab5583,1,https://github.com/angusshire/exams/archive/refs/heads/master.zip
master,master,58106647,1b429b4,10,https://github.com/angusshire/cs-exams-downloader/archive/refs/heads/master.zip
master,master,49155565,cc94556,22,https://github.com/angusshire/rosalind/archive/refs/heads/master.zip
master,master,49156403,5d111b1,64,https://github.com/angusshire/msbot/archive/refs/heads/master.zip
master,master,26068422,40b3101,35,https://github.com/angusshire/mac-spoofer/archive/refs/heads/master.zip
main,main,323191616,39b12dd,811,https://github.com/yihong0618/2021/archive/refs/heads/main.zip
master,master,197481906,a738faf,194,https://github.com/yihong0618/gitblog/archive/refs/heads/master.zip
add-license-1,master,197481906,7955421,142,https://github.com/yihong0618/gitblog/archive/refs/heads/add-license-1.zip
master,master,396572307,d4ac0cd,425,https://github.com/yihong0618/run/archive/refs/heads/master.zip
gh-pages,master,396572307,5c7fdcf,30,https://github.com/yihong0618/run/archive/refs/heads/gh-pages.zip
dev_xiaomi_sync,master,396572307,f768d05,290,https://github.com/yihong0618/run/archive/refs/heads/dev_xiaomi_sync.zip
master,master,289895289,d24d96b,381,https://github.com/yihong0618/gcores_calendar/archive/refs/heads/master.zip
main,main,360028025,e6bc149,339,https://github.com/yihong0618/GitHubPoster/archive/refs/heads/main.zip
multi_types,main,360028025,48fde68,276,https://github.com/yihong0618/GitHubPoster/archive/refs/heads/multi_types.zip
refactor,main,360028025,07a0434,248,https://github.com/yihong0618/GitHubPoster/archive/refs/heads/refactor.zip
master,master,274007906,720d885,682,https://github.com/yihong0618/blog/archive/refs/heads/master.zip
dependabot/npm_and_yarn/path-parse-1.0.7,master,274007906,ea7d60e,671,https://github.com/yihong0618/blog/archive/refs/heads/dependabot/npm_and_yarn/path-parse-1.0.7.zip
dependabot/npm_and_yarn/url-parse-1.5.3,master,274007906,db39bb1,672,https://github.com/yihong0618/blog/archive/refs/heads/dependabot/npm_and_yarn/url-parse-1.5.3.zip
dependabot/npm_and_yarn/hosted-git-info-2.8.9,master,274007906,7bc1075,652,https://github.com/yihong0618/blog/archive/refs/heads/dependabot/npm_and_yarn/hosted-git-info-2.8.9.zip
dependabot/npm_and_yarn/devcert-1.1.3,master,274007906,9b00195,652,https://github.com/yihong0618/blog/archive/refs/heads/dependabot/npm_and_yarn/devcert-1.1.3.zip
gh-pages,master,274007906,3452367,3,https://github.com/yihong0618/blog/archive/refs/heads/gh-pages.zip
main,main,375876443,6b7ad7e,96,https://github.com/yihong0618/iBeats/archive/refs/heads/main.zip
master,master,296233312,fb01f1e,418,https://github.com/yihong0618/running_page/archive/refs/heads/master.zip
gh-pages,master,296233312,5404a77,23,https://github.com/yihong0618/running_page/archive/refs/heads/gh-pages.zip
dev_xiaomi_sync,master,296233312,f768d05,290,https://github.com/yihong0618/running_page/archive/refs/heads/dev_xiaomi_sync.zip
master,master,397422127,e26faed,409,https://github.com/yihong0618/stravalib/archive/refs/heads/master.zip
master,master,280119162,aa9be8c,24,https://github.com/yihong0618/yihong0618/archive/refs/heads/master.zip
master,master,231712787,6a48549,72,https://github.com/yihong0618/vscode-gcores/archive/refs/heads/master.zip
dependabot/npm_and_yarn/path-parse-1.0.7,master,231712787,25a6715,73,https://github.com/yihong0618/vscode-gcores/archive/refs/heads/dependabot/npm_and_yarn/path-parse-1.0.7.zip
dependabot/npm_and_yarn/lodash-4.17.21,master,231712787,ae485b1,73,https://github.com/yihong0618/vscode-gcores/archive/refs/heads/dependabot/npm_and_yarn/lodash-4.17.21.zip
master,master,221141998,105b6a7,81,https://github.com/yihong0618/edocteel001/archive/refs/heads/master.zip
dependabot/npm_and_yarn/path-parse-1.0.7,master,221141998,a9a92b0,82,https://github.com/yihong0618/edocteel001/archive/refs/heads/dependabot/npm_and_yarn/path-parse-1.0.7.zip
dependabot/npm_and_yarn/glob-parent-5.1.2,master,221141998,17c9098,82,https://github.com/yihong0618/edocteel001/archive/refs/heads/dependabot/npm_and_yarn/glob-parent-5.1.2.zip
dependabot/npm_and_yarn/lodash-4.17.21,master,221141998,7433111,82,https://github.com/yihong0618/edocteel001/archive/refs/heads/dependabot/npm_and_yarn/lodash-4.17.21.zip
dependabot/npm_and_yarn/hosted-git-info-2.8.9,master,221141998,c68de1e,82,https://github.com/yihong0618/edocteel001/archive/refs/heads/dependabot/npm_and_yarn/hosted-git-info-2.8.9.zip
main,main,355466452,228422b,15,https://github.com/yihong0618/dalian-IT/archive/refs/heads/main.zip
main,main,384330188,3c8241d,9,https://github.com/yihong0618/nbnhhsh-cli/archive/refs/heads/main.zip
main,main,383294035,d96544e,25,https://github.com/yihong0618/stargazer/archive/refs/heads/main.zip
master,master,246191949,6c032e1,36,https://github.com/yihong0618/Digital-Privacy/archive/refs/heads/master.zip
main,main,381536500,e595829,1,https://github.com/yihong0618/bileave/archive/refs/heads/main.zip
main,main,379156861,c622638,2,https://github.com/yihong0618/500/archive/refs/heads/main.zip
main,main,372391716,2a17d2f,192,https://github.com/yihong0618/sdf/archive/refs/heads/main.zip
master,master,377029248,7b73761,380,https://github.com/yihong0618/svgwrite/archive/refs/heads/master.zip
main,main,348954335,ba8da5b,33,https://github.com/yihong0618/test_svg/archive/refs/heads/main.zip
master,master,377001838,cc87dc9,164,https://github.com/yihong0618/wuhan005/archive/refs/heads/master.zip
main,main,330515645,31c14cc,16,https://github.com/yihong0618/duolingo_remember/archive/refs/heads/main.zip
master,master,379151082,f5728df,56,https://github.com/yihong0618/500lines-rewrite/archive/refs/heads/master.zip
dependabot/pip/contingent/urllib3-1.26.5,master,379151082,d910c22,57,https://github.com/yihong0618/500lines-rewrite/archive/refs/heads/dependabot/pip/contingent/urllib3-1.26.5.zip
master,master,342569209,ab4541d,67,https://github.com/yihong0618/python-garminconnect/archive/refs/heads/master.zip
0.1.3,master,342569209,0155564,11,https://github.com/yihong0618/python-garminconnect/archive/refs/heads/0.1.3.zip
0.1.8,master,342569209,262e1e2,13,https://github.com/yihong0618/python-garminconnect/archive/refs/heads/0.1.8.zip
0.1.9,master,342569209,a2255c8,17,https://github.com/yihong0618/python-garminconnect/archive/refs/heads/0.1.9.zip
0.1.10,master,342569209,a1be902,19,https://github.com/yihong0618/python-garminconnect/archive/refs/heads/0.1.10.zip
0.1.18,master,342569209,80b7ab7,60,https://github.com/yihong0618/python-garminconnect/archive/refs/heads/0.1.18.zip
master,master,368073312,d629c40,94,https://github.com/yihong0618/nebula-python/archive/refs/heads/master.zip
v1.0,master,368073312,79cf5bc,57,https://github.com/yihong0618/nebula-python/archive/refs/heads/v1.0.zip
fix-decode-versioned-data,master,368073312,ef0e6cf,58,https://github.com/yihong0618/nebula-python/archive/refs/heads/fix-decode-versioned-data.zip
patch-1,master,368073312,223849b,87,https://github.com/yihong0618/nebula-python/archive/refs/heads/patch-1.zip
main,main,365419126,d028599,2,https://github.com/yihong0618/github_upstream_script/archive/refs/heads/main.zip
main,main,349701331,8e60389,195,https://github.com/yihong0618/GpxTrackPoster/archive/refs/heads/main.zip
heatmap-bbox,main,349701331,ef99705,53,https://github.com/yihong0618/GpxTrackPoster/archive/refs/heads/heatmap-bbox.zip
heatmap-tiles,main,349701331,de3a4c3,61,https://github.com/yihong0618/GpxTrackPoster/archive/refs/heads/heatmap-tiles.zip
master,master,365450140,e7c8a0c,845,https://github.com/yihong0618/twint/archive/refs/heads/master.zip
workaround-604,master,365450140,573fa6c,779,https://github.com/yihong0618/twint/archive/refs/heads/workaround-604.zip
main,main,343724774,f111eb1,9,https://github.com/yihong0618/running_skyline/archive/refs/heads/main.zip
