64392262,dululu,,I may be slow to respond.,,,"❤🧡💛💚💙💜🤎🖤

",,https://avatars.githubusercontent.com/u/64392262?v=4
62273335,L-Focus,,,,,,,https://avatars.githubusercontent.com/u/62273335?v=4
18693284,nickzyang,Zhi,Go!,Wuhan University,"Wuhan, China","💻Frontend Developer/
🖼Amateur Artist/
🐱🐯Cat Lover",,https://avatars.githubusercontent.com/u/18693284?v=4
38553217,ataola,阿涛啦,,,"HangZhou, China",苦茶、逝水、禅香、赤夜、新月、繁星,https://zhengjiangtao.cn,https://avatars.githubusercontent.com/u/38553217?v=4
56837339,yangshihao-arron,,,,,,,https://avatars.githubusercontent.com/u/56837339?v=4
38236928,Bowinthecloud,,,,,,,https://avatars.githubusercontent.com/u/38236928?v=4
49300238,weteghter,F-F-LBJ-NYC,,,,,,https://avatars.githubusercontent.com/u/49300238?v=4
45789726,LGSKOKO,LiGenSheng,救护车正在路上,107,HENAN UNIVERSITY,A teenager who plans to earn venture capital by becoming a coder.,,https://avatars.githubusercontent.com/u/45789726?v=4
